r,store,emphasis,word
no,Saks,normal,fouRth
no,Saks,normal,fouRth
no,Saks,normal,fouRth
no,Saks,normal,fouRth
no,Saks,normal,fouRth
no,Saks,normal,fouRth
no,Saks,normal,fouRth
no,Saks,normal,fouRth
no,Saks,normal,fouRth
no,Saks,normal,fouRth
no,Saks,normal,fouRth
no,Saks,normal,fouRth
no,Saks,normal,fouRth
no,Saks,normal,fouRth
no,Saks,normal,fouRth
no,Saks,normal,fouRth
no,Saks,normal,fouRth
no,Saks,normal,fouRth
no,Saks,normal,fouRth
no,Saks,normal,fouRth
no,Saks,normal,fouRth
no,Saks,normal,fouRth
no,Saks,normal,fouRth
no,Saks,normal,fouRth
no,Saks,normal,fouRth
no,Saks,normal,fouRth
no,Saks,normal,fouRth
no,Saks,normal,fouRth
no,Saks,normal,fouRth
no,Saks,normal,fouRth
no,Saks,normal,fouRth
no,Saks,normal,fouRth
no,Saks,normal,fouRth
no,Saks,normal,fouRth
no,Saks,normal,fouRth
no,Saks,normal,fouRth
no,Saks,normal,fouRth
no,Saks,normal,fouRth
no,Saks,normal,fouRth
no,Saks,normal,flooR
no,Saks,normal,flooR
no,Saks,normal,flooR
no,Saks,normal,flooR
no,Saks,normal,flooR
no,Saks,normal,flooR
no,Saks,normal,flooR
no,Saks,normal,flooR
no,Saks,normal,flooR
no,Saks,normal,flooR
no,Saks,normal,flooR
no,Saks,normal,flooR
no,Saks,normal,flooR
no,Saks,normal,flooR
no,Saks,normal,flooR
no,Saks,normal,flooR
no,Saks,normal,flooR
no,Saks,normal,flooR
no,Saks,emphatic,fouRth
no,Saks,emphatic,fouRth
no,Saks,emphatic,fouRth
no,Saks,emphatic,fouRth
no,Saks,emphatic,fouRth
no,Saks,emphatic,fouRth
no,Saks,emphatic,fouRth
no,Saks,emphatic,fouRth
no,Saks,emphatic,fouRth
no,Saks,emphatic,fouRth
no,Saks,emphatic,fouRth
no,Saks,emphatic,fouRth
no,Saks,emphatic,fouRth
no,Saks,emphatic,fouRth
no,Saks,emphatic,fouRth
no,Saks,emphatic,fouRth
no,Saks,emphatic,fouRth
no,Saks,emphatic,fouRth
no,Saks,emphatic,fouRth
no,Saks,emphatic,fouRth
no,Saks,emphatic,fouRth
no,Saks,emphatic,fouRth
no,Saks,emphatic,fouRth
no,Saks,emphatic,fouRth
no,Saks,emphatic,flooR
no,Saks,emphatic,flooR
no,Saks,emphatic,flooR
no,Saks,emphatic,flooR
no,Saks,emphatic,flooR
no,Saks,emphatic,flooR
no,Saks,emphatic,flooR
no,Saks,emphatic,flooR
no,Saks,emphatic,flooR
no,Saks,emphatic,flooR
no,Saks,emphatic,flooR
no,Saks,emphatic,flooR
no,Macy's,normal,fouRth
no,Macy's,normal,fouRth
no,Macy's,normal,fouRth
no,Macy's,normal,fouRth
no,Macy's,normal,fouRth
no,Macy's,normal,fouRth
no,Macy's,normal,fouRth
no,Macy's,normal,fouRth
no,Macy's,normal,fouRth
no,Macy's,normal,fouRth
no,Macy's,normal,fouRth
no,Macy's,normal,fouRth
no,Macy's,normal,fouRth
no,Macy's,normal,fouRth
no,Macy's,normal,fouRth
no,Macy's,normal,fouRth
no,Macy's,normal,fouRth
no,Macy's,normal,fouRth
no,Macy's,normal,fouRth
no,Macy's,normal,fouRth
no,Macy's,normal,fouRth
no,Macy's,normal,fouRth
no,Macy's,normal,fouRth
no,Macy's,normal,fouRth
no,Macy's,normal,fouRth
no,Macy's,normal,fouRth
no,Macy's,normal,fouRth
no,Macy's,normal,fouRth
no,Macy's,normal,fouRth
no,Macy's,normal,fouRth
no,Macy's,normal,fouRth
no,Macy's,normal,fouRth
no,Macy's,normal,fouRth
no,Macy's,normal,fouRth
no,Macy's,normal,fouRth
no,Macy's,normal,fouRth
no,Macy's,normal,fouRth
no,Macy's,normal,fouRth
no,Macy's,normal,fouRth
no,Macy's,normal,fouRth
no,Macy's,normal,fouRth
no,Macy's,normal,fouRth
no,Macy's,normal,fouRth
no,Macy's,normal,fouRth
no,Macy's,normal,fouRth
no,Macy's,normal,fouRth
no,Macy's,normal,fouRth
no,Macy's,normal,fouRth
no,Macy's,normal,fouRth
no,Macy's,normal,fouRth
no,Macy's,normal,fouRth
no,Macy's,normal,fouRth
no,Macy's,normal,fouRth
no,Macy's,normal,fouRth
no,Macy's,normal,fouRth
no,Macy's,normal,fouRth
no,Macy's,normal,fouRth
no,Macy's,normal,fouRth
no,Macy's,normal,fouRth
no,Macy's,normal,fouRth
no,Macy's,normal,fouRth
no,Macy's,normal,fouRth
no,Macy's,normal,fouRth
no,Macy's,normal,fouRth
no,Macy's,normal,fouRth
no,Macy's,normal,fouRth
no,Macy's,normal,fouRth
no,Macy's,normal,fouRth
no,Macy's,normal,fouRth
no,Macy's,normal,fouRth
no,Macy's,normal,fouRth
no,Macy's,normal,fouRth
no,Macy's,normal,fouRth
no,Macy's,normal,fouRth
no,Macy's,normal,fouRth
no,Macy's,normal,fouRth
no,Macy's,normal,fouRth
no,Macy's,normal,fouRth
no,Macy's,normal,fouRth
no,Macy's,normal,fouRth
no,Macy's,normal,fouRth
no,Macy's,normal,flooR
no,Macy's,normal,flooR
no,Macy's,normal,flooR
no,Macy's,normal,flooR
no,Macy's,normal,flooR
no,Macy's,normal,flooR
no,Macy's,normal,flooR
no,Macy's,normal,flooR
no,Macy's,normal,flooR
no,Macy's,normal,flooR
no,Macy's,normal,flooR
no,Macy's,normal,flooR
no,Macy's,normal,flooR
no,Macy's,normal,flooR
no,Macy's,normal,flooR
no,Macy's,normal,flooR
no,Macy's,normal,flooR
no,Macy's,normal,flooR
no,Macy's,normal,flooR
no,Macy's,normal,flooR
no,Macy's,normal,flooR
no,Macy's,normal,flooR
no,Macy's,normal,flooR
no,Macy's,normal,flooR
no,Macy's,normal,flooR
no,Macy's,normal,flooR
no,Macy's,normal,flooR
no,Macy's,normal,flooR
no,Macy's,normal,flooR
no,Macy's,normal,flooR
no,Macy's,normal,flooR
no,Macy's,normal,flooR
no,Macy's,normal,flooR
no,Macy's,normal,flooR
no,Macy's,normal,flooR
no,Macy's,normal,flooR
no,Macy's,normal,flooR
no,Macy's,normal,flooR
no,Macy's,normal,flooR
no,Macy's,normal,flooR
no,Macy's,normal,flooR
no,Macy's,normal,flooR
no,Macy's,normal,flooR
no,Macy's,normal,flooR
no,Macy's,normal,flooR
no,Macy's,normal,flooR
no,Macy's,normal,flooR
no,Macy's,normal,flooR
no,Macy's,normal,flooR
no,Macy's,normal,flooR
no,Macy's,normal,flooR
no,Macy's,normal,flooR
no,Macy's,normal,flooR
no,Macy's,normal,flooR
no,Macy's,normal,flooR
no,Macy's,normal,flooR
no,Macy's,normal,flooR
no,Macy's,normal,flooR
no,Macy's,normal,flooR
no,Macy's,normal,flooR
no,Macy's,normal,flooR
no,Macy's,normal,flooR
no,Macy's,emphatic,fouRth
no,Macy's,emphatic,fouRth
no,Macy's,emphatic,fouRth
no,Macy's,emphatic,fouRth
no,Macy's,emphatic,fouRth
no,Macy's,emphatic,fouRth
no,Macy's,emphatic,fouRth
no,Macy's,emphatic,fouRth
no,Macy's,emphatic,fouRth
no,Macy's,emphatic,fouRth
no,Macy's,emphatic,fouRth
no,Macy's,emphatic,fouRth
no,Macy's,emphatic,fouRth
no,Macy's,emphatic,fouRth
no,Macy's,emphatic,fouRth
no,Macy's,emphatic,fouRth
no,Macy's,emphatic,fouRth
no,Macy's,emphatic,fouRth
no,Macy's,emphatic,fouRth
no,Macy's,emphatic,fouRth
no,Macy's,emphatic,fouRth
no,Macy's,emphatic,fouRth
no,Macy's,emphatic,fouRth
no,Macy's,emphatic,fouRth
no,Macy's,emphatic,fouRth
no,Macy's,emphatic,fouRth
no,Macy's,emphatic,fouRth
no,Macy's,emphatic,fouRth
no,Macy's,emphatic,fouRth
no,Macy's,emphatic,fouRth
no,Macy's,emphatic,fouRth
no,Macy's,emphatic,fouRth
no,Macy's,emphatic,fouRth
no,Macy's,emphatic,fouRth
no,Macy's,emphatic,fouRth
no,Macy's,emphatic,fouRth
no,Macy's,emphatic,fouRth
no,Macy's,emphatic,fouRth
no,Macy's,emphatic,fouRth
no,Macy's,emphatic,fouRth
no,Macy's,emphatic,fouRth
no,Macy's,emphatic,fouRth
no,Macy's,emphatic,fouRth
no,Macy's,emphatic,fouRth
no,Macy's,emphatic,fouRth
no,Macy's,emphatic,fouRth
no,Macy's,emphatic,fouRth
no,Macy's,emphatic,fouRth
no,Macy's,emphatic,flooR
no,Macy's,emphatic,flooR
no,Macy's,emphatic,flooR
no,Macy's,emphatic,flooR
no,Macy's,emphatic,flooR
no,Macy's,emphatic,flooR
no,Macy's,emphatic,flooR
no,Macy's,emphatic,flooR
no,Macy's,emphatic,flooR
no,Macy's,emphatic,flooR
no,Macy's,emphatic,flooR
no,Macy's,emphatic,flooR
no,Macy's,emphatic,flooR
no,Macy's,emphatic,flooR
no,Macy's,emphatic,flooR
no,Macy's,emphatic,flooR
no,Macy's,emphatic,flooR
no,Macy's,emphatic,flooR
no,Macy's,emphatic,flooR
no,Macy's,emphatic,flooR
no,Klein's,normal,fouRth
no,Klein's,normal,fouRth
no,Klein's,normal,fouRth
no,Klein's,normal,fouRth
no,Klein's,normal,fouRth
no,Klein's,normal,fouRth
no,Klein's,normal,fouRth
no,Klein's,normal,fouRth
no,Klein's,normal,fouRth
no,Klein's,normal,fouRth
no,Klein's,normal,fouRth
no,Klein's,normal,fouRth
no,Klein's,normal,fouRth
no,Klein's,normal,fouRth
no,Klein's,normal,fouRth
no,Klein's,normal,fouRth
no,Klein's,normal,fouRth
no,Klein's,normal,fouRth
no,Klein's,normal,fouRth
no,Klein's,normal,fouRth
no,Klein's,normal,fouRth
no,Klein's,normal,fouRth
no,Klein's,normal,fouRth
no,Klein's,normal,fouRth
no,Klein's,normal,fouRth
no,Klein's,normal,fouRth
no,Klein's,normal,fouRth
no,Klein's,normal,fouRth
no,Klein's,normal,fouRth
no,Klein's,normal,fouRth
no,Klein's,normal,fouRth
no,Klein's,normal,fouRth
no,Klein's,normal,fouRth
no,Klein's,normal,fouRth
no,Klein's,normal,fouRth
no,Klein's,normal,fouRth
no,Klein's,normal,fouRth
no,Klein's,normal,fouRth
no,Klein's,normal,fouRth
no,Klein's,normal,fouRth
no,Klein's,normal,fouRth
no,Klein's,normal,fouRth
no,Klein's,normal,fouRth
no,Klein's,normal,fouRth
no,Klein's,normal,fouRth
no,Klein's,normal,fouRth
no,Klein's,normal,fouRth
no,Klein's,normal,fouRth
no,Klein's,normal,fouRth
no,Klein's,normal,fouRth
no,Klein's,normal,fouRth
no,Klein's,normal,fouRth
no,Klein's,normal,fouRth
no,Klein's,normal,fouRth
no,Klein's,normal,fouRth
no,Klein's,normal,fouRth
no,Klein's,normal,fouRth
no,Klein's,normal,fouRth
no,Klein's,normal,fouRth
no,Klein's,normal,fouRth
no,Klein's,normal,fouRth
no,Klein's,normal,fouRth
no,Klein's,normal,fouRth
no,Klein's,normal,flooR
no,Klein's,normal,flooR
no,Klein's,normal,flooR
no,Klein's,normal,flooR
no,Klein's,normal,flooR
no,Klein's,normal,flooR
no,Klein's,normal,flooR
no,Klein's,normal,flooR
no,Klein's,normal,flooR
no,Klein's,normal,flooR
no,Klein's,normal,flooR
no,Klein's,normal,flooR
no,Klein's,normal,flooR
no,Klein's,normal,flooR
no,Klein's,normal,flooR
no,Klein's,normal,flooR
no,Klein's,normal,flooR
no,Klein's,normal,flooR
no,Klein's,normal,flooR
no,Klein's,normal,flooR
no,Klein's,normal,flooR
no,Klein's,normal,flooR
no,Klein's,normal,flooR
no,Klein's,normal,flooR
no,Klein's,normal,flooR
no,Klein's,normal,flooR
no,Klein's,normal,flooR
no,Klein's,normal,flooR
no,Klein's,normal,flooR
no,Klein's,normal,flooR
no,Klein's,normal,flooR
no,Klein's,normal,flooR
no,Klein's,normal,flooR
no,Klein's,normal,flooR
no,Klein's,normal,flooR
no,Klein's,normal,flooR
no,Klein's,normal,flooR
no,Klein's,normal,flooR
no,Klein's,normal,flooR
no,Klein's,normal,flooR
no,Klein's,normal,flooR
no,Klein's,normal,flooR
no,Klein's,normal,flooR
no,Klein's,normal,flooR
no,Klein's,normal,flooR
no,Klein's,normal,flooR
no,Klein's,normal,flooR
no,Klein's,normal,flooR
no,Klein's,normal,flooR
no,Klein's,normal,flooR
no,Klein's,normal,flooR
no,Klein's,normal,flooR
no,Klein's,normal,flooR
no,Klein's,normal,flooR
no,Klein's,normal,flooR
no,Klein's,normal,flooR
no,Klein's,normal,flooR
no,Klein's,normal,flooR
no,Klein's,normal,flooR
no,Klein's,emphatic,fouRth
no,Klein's,emphatic,fouRth
no,Klein's,emphatic,fouRth
no,Klein's,emphatic,fouRth
no,Klein's,emphatic,fouRth
no,Klein's,emphatic,fouRth
no,Klein's,emphatic,fouRth
no,Klein's,emphatic,fouRth
no,Klein's,emphatic,fouRth
no,Klein's,emphatic,fouRth
no,Klein's,emphatic,fouRth
no,Klein's,emphatic,fouRth
no,Klein's,emphatic,fouRth
no,Klein's,emphatic,fouRth
no,Klein's,emphatic,fouRth
no,Klein's,emphatic,fouRth
no,Klein's,emphatic,fouRth
no,Klein's,emphatic,fouRth
no,Klein's,emphatic,fouRth
no,Klein's,emphatic,fouRth
no,Klein's,emphatic,fouRth
no,Klein's,emphatic,fouRth
no,Klein's,emphatic,fouRth
no,Klein's,emphatic,fouRth
no,Klein's,emphatic,fouRth
no,Klein's,emphatic,fouRth
no,Klein's,emphatic,fouRth
no,Klein's,emphatic,fouRth
no,Klein's,emphatic,fouRth
no,Klein's,emphatic,fouRth
no,Klein's,emphatic,fouRth
no,Klein's,emphatic,fouRth
no,Klein's,emphatic,fouRth
no,Klein's,emphatic,fouRth
no,Klein's,emphatic,fouRth
no,Klein's,emphatic,fouRth
no,Klein's,emphatic,fouRth
no,Klein's,emphatic,fouRth
no,Klein's,emphatic,fouRth
no,Klein's,emphatic,fouRth
no,Klein's,emphatic,flooR
no,Klein's,emphatic,flooR
no,Klein's,emphatic,flooR
no,Klein's,emphatic,flooR
no,Klein's,emphatic,flooR
no,Klein's,emphatic,flooR
no,Klein's,emphatic,flooR
no,Klein's,emphatic,flooR
no,Klein's,emphatic,flooR
no,Klein's,emphatic,flooR
no,Klein's,emphatic,flooR
no,Klein's,emphatic,flooR
no,Klein's,emphatic,flooR
no,Klein's,emphatic,flooR
no,Klein's,emphatic,flooR
no,Klein's,emphatic,flooR
no,Klein's,emphatic,flooR
no,Klein's,emphatic,flooR
no,Klein's,emphatic,flooR
no,Klein's,emphatic,flooR
no,Klein's,emphatic,flooR
no,Klein's,emphatic,flooR
no,Klein's,emphatic,flooR
no,Klein's,emphatic,flooR
no,Klein's,emphatic,flooR
no,Klein's,emphatic,flooR
no,Klein's,emphatic,flooR
no,Klein's,emphatic,flooR
no,Klein's,emphatic,flooR
no,Klein's,emphatic,flooR
no,Klein's,emphatic,flooR
no,Klein's,emphatic,flooR
no,Klein's,emphatic,flooR
yes,Saks,normal,fouRth
yes,Saks,normal,fouRth
yes,Saks,normal,fouRth
yes,Saks,normal,fouRth
yes,Saks,normal,fouRth
yes,Saks,normal,fouRth
yes,Saks,normal,fouRth
yes,Saks,normal,fouRth
yes,Saks,normal,fouRth
yes,Saks,normal,fouRth
yes,Saks,normal,fouRth
yes,Saks,normal,fouRth
yes,Saks,normal,fouRth
yes,Saks,normal,fouRth
yes,Saks,normal,fouRth
yes,Saks,normal,flooR
yes,Saks,normal,flooR
yes,Saks,normal,flooR
yes,Saks,normal,flooR
yes,Saks,normal,flooR
yes,Saks,normal,flooR
yes,Saks,normal,flooR
yes,Saks,normal,flooR
yes,Saks,normal,flooR
yes,Saks,normal,flooR
yes,Saks,normal,flooR
yes,Saks,normal,flooR
yes,Saks,normal,flooR
yes,Saks,normal,flooR
yes,Saks,normal,flooR
yes,Saks,normal,flooR
yes,Saks,normal,flooR
yes,Saks,normal,flooR
yes,Saks,normal,flooR
yes,Saks,normal,flooR
yes,Saks,normal,flooR
yes,Saks,normal,flooR
yes,Saks,normal,flooR
yes,Saks,normal,flooR
yes,Saks,normal,flooR
yes,Saks,normal,flooR
yes,Saks,normal,flooR
yes,Saks,normal,flooR
yes,Saks,normal,flooR
yes,Saks,normal,flooR
yes,Saks,normal,flooR
yes,Saks,emphatic,fouRth
yes,Saks,emphatic,fouRth
yes,Saks,emphatic,fouRth
yes,Saks,emphatic,fouRth
yes,Saks,emphatic,fouRth
yes,Saks,emphatic,fouRth
yes,Saks,emphatic,fouRth
yes,Saks,emphatic,fouRth
yes,Saks,emphatic,fouRth
yes,Saks,emphatic,fouRth
yes,Saks,emphatic,fouRth
yes,Saks,emphatic,fouRth
yes,Saks,emphatic,fouRth
yes,Saks,emphatic,fouRth
yes,Saks,emphatic,fouRth
yes,Saks,emphatic,fouRth
yes,Saks,emphatic,flooR
yes,Saks,emphatic,flooR
yes,Saks,emphatic,flooR
yes,Saks,emphatic,flooR
yes,Saks,emphatic,flooR
yes,Saks,emphatic,flooR
yes,Saks,emphatic,flooR
yes,Saks,emphatic,flooR
yes,Saks,emphatic,flooR
yes,Saks,emphatic,flooR
yes,Saks,emphatic,flooR
yes,Saks,emphatic,flooR
yes,Saks,emphatic,flooR
yes,Saks,emphatic,flooR
yes,Saks,emphatic,flooR
yes,Saks,emphatic,flooR
yes,Saks,emphatic,flooR
yes,Saks,emphatic,flooR
yes,Saks,emphatic,flooR
yes,Saks,emphatic,flooR
yes,Saks,emphatic,flooR
yes,Macy's,normal,fouRth
yes,Macy's,normal,fouRth
yes,Macy's,normal,fouRth
yes,Macy's,normal,fouRth
yes,Macy's,normal,fouRth
yes,Macy's,normal,fouRth
yes,Macy's,normal,fouRth
yes,Macy's,normal,fouRth
yes,Macy's,normal,fouRth
yes,Macy's,normal,fouRth
yes,Macy's,normal,fouRth
yes,Macy's,normal,fouRth
yes,Macy's,normal,fouRth
yes,Macy's,normal,fouRth
yes,Macy's,normal,fouRth
yes,Macy's,normal,fouRth
yes,Macy's,normal,fouRth
yes,Macy's,normal,fouRth
yes,Macy's,normal,fouRth
yes,Macy's,normal,fouRth
yes,Macy's,normal,fouRth
yes,Macy's,normal,fouRth
yes,Macy's,normal,fouRth
yes,Macy's,normal,fouRth
yes,Macy's,normal,fouRth
yes,Macy's,normal,fouRth
yes,Macy's,normal,fouRth
yes,Macy's,normal,fouRth
yes,Macy's,normal,fouRth
yes,Macy's,normal,fouRth
yes,Macy's,normal,fouRth
yes,Macy's,normal,fouRth
yes,Macy's,normal,fouRth
yes,Macy's,normal,flooR
yes,Macy's,normal,flooR
yes,Macy's,normal,flooR
yes,Macy's,normal,flooR
yes,Macy's,normal,flooR
yes,Macy's,normal,flooR
yes,Macy's,normal,flooR
yes,Macy's,normal,flooR
yes,Macy's,normal,flooR
yes,Macy's,normal,flooR
yes,Macy's,normal,flooR
yes,Macy's,normal,flooR
yes,Macy's,normal,flooR
yes,Macy's,normal,flooR
yes,Macy's,normal,flooR
yes,Macy's,normal,flooR
yes,Macy's,normal,flooR
yes,Macy's,normal,flooR
yes,Macy's,normal,flooR
yes,Macy's,normal,flooR
yes,Macy's,normal,flooR
yes,Macy's,normal,flooR
yes,Macy's,normal,flooR
yes,Macy's,normal,flooR
yes,Macy's,normal,flooR
yes,Macy's,normal,flooR
yes,Macy's,normal,flooR
yes,Macy's,normal,flooR
yes,Macy's,normal,flooR
yes,Macy's,normal,flooR
yes,Macy's,normal,flooR
yes,Macy's,normal,flooR
yes,Macy's,normal,flooR
yes,Macy's,normal,flooR
yes,Macy's,normal,flooR
yes,Macy's,normal,flooR
yes,Macy's,normal,flooR
yes,Macy's,normal,flooR
yes,Macy's,normal,flooR
yes,Macy's,normal,flooR
yes,Macy's,normal,flooR
yes,Macy's,normal,flooR
yes,Macy's,normal,flooR
yes,Macy's,normal,flooR
yes,Macy's,normal,flooR
yes,Macy's,normal,flooR
yes,Macy's,normal,flooR
yes,Macy's,normal,flooR
yes,Macy's,emphatic,fouRth
yes,Macy's,emphatic,fouRth
yes,Macy's,emphatic,fouRth
yes,Macy's,emphatic,fouRth
yes,Macy's,emphatic,fouRth
yes,Macy's,emphatic,fouRth
yes,Macy's,emphatic,fouRth
yes,Macy's,emphatic,fouRth
yes,Macy's,emphatic,fouRth
yes,Macy's,emphatic,fouRth
yes,Macy's,emphatic,fouRth
yes,Macy's,emphatic,fouRth
yes,Macy's,emphatic,fouRth
yes,Macy's,emphatic,flooR
yes,Macy's,emphatic,flooR
yes,Macy's,emphatic,flooR
yes,Macy's,emphatic,flooR
yes,Macy's,emphatic,flooR
yes,Macy's,emphatic,flooR
yes,Macy's,emphatic,flooR
yes,Macy's,emphatic,flooR
yes,Macy's,emphatic,flooR
yes,Macy's,emphatic,flooR
yes,Macy's,emphatic,flooR
yes,Macy's,emphatic,flooR
yes,Macy's,emphatic,flooR
yes,Macy's,emphatic,flooR
yes,Macy's,emphatic,flooR
yes,Macy's,emphatic,flooR
yes,Macy's,emphatic,flooR
yes,Macy's,emphatic,flooR
yes,Macy's,emphatic,flooR
yes,Macy's,emphatic,flooR
yes,Macy's,emphatic,flooR
yes,Macy's,emphatic,flooR
yes,Macy's,emphatic,flooR
yes,Macy's,emphatic,flooR
yes,Macy's,emphatic,flooR
yes,Macy's,emphatic,flooR
yes,Macy's,emphatic,flooR
yes,Macy's,emphatic,flooR
yes,Macy's,emphatic,flooR
yes,Macy's,emphatic,flooR
yes,Macy's,emphatic,flooR
yes,Klein's,normal,fouRth
yes,Klein's,normal,fouRth
yes,Klein's,normal,fouRth
yes,Klein's,normal,flooR
yes,Klein's,normal,flooR
yes,Klein's,normal,flooR
yes,Klein's,normal,flooR
yes,Klein's,normal,flooR
yes,Klein's,emphatic,fouRth
yes,Klein's,emphatic,fouRth
yes,Klein's,emphatic,fouRth
yes,Klein's,emphatic,fouRth
yes,Klein's,emphatic,fouRth
yes,Klein's,emphatic,fouRth
yes,Klein's,emphatic,flooR
yes,Klein's,emphatic,flooR
yes,Klein's,emphatic,flooR
yes,Klein's,emphatic,flooR
yes,Klein's,emphatic,flooR
yes,Klein's,emphatic,flooR
yes,Klein's,emphatic,flooR
yes,Saks,normal,fouRth